{"cameraMode":{"drawMode":0,"name":"Shaded","section":"Shading Mode"},"sceneLighting":true,"audioPlay":false,"sceneViewState":{"showFog":true,"showMaterialUpdate":false,"showSkybox":true,"showFlares":true,"showImageEffects":true,"showParticleSystems":true},"in2DMode":false,"pivot":{"x":288.1146240234375,"y":52.569183349609378,"z":52.42266845703125},"rotation":{"x":0.2686007618904114,"y":0.1295541673898697,"z":-0.03648199886083603,"w":0.9538078308105469},"size":406.7520446777344,"orthographic":false}